value_date,domestic_aviation,total_ets_emissions,ground_transport,total_co2_emissions,power,industry,country,frequency,super_region
2016-01-31,82223.25205479452,2309526.8976261145,,,1593513.1761790067,633790.4693923134,Rest of Europe,monthly,EU
2016-02-29,82223.25205479452,2114662.711609309,,,1389508.7349798023,642930.7245747121,Rest of Europe,monthly,EU
2016-03-31,82223.25205479452,2096917.0947041907,,,1353112.5593011517,661581.2833482445,Rest of Europe,monthly,EU
2016-04-30,82223.25205479452,2013697.4174434082,,,1217608.0491197263,713866.1162688874,Rest of Europe,monthly,EU
2016-05-31,82223.25205479452,1905518.1871226379,,,1145321.5378402243,677973.3972276191,Rest of Europe,monthly,EU
2016-06-30,82223.25205479452,1947116.2669777807,,,1256680.5308908601,608212.4840321261,Rest of Europe,monthly,EU
2016-07-31,82223.25205479452,2074691.2557273542,,,1284791.7750453441,707676.2286272156,Rest of Europe,monthly,EU
2016-08-31,82223.25205479452,2128274.310378207,,,1275197.0899831504,770853.9683402622,Rest of Europe,monthly,EU
2016-09-30,82223.25205479452,2202245.8234894597,,,1371745.454527862,748277.1169068033,Rest of Europe,monthly,EU
2016-10-31,82223.25205479452,2374962.2526229923,,,1521688.6773942725,771050.3231739249,Rest of Europe,monthly,EU
2016-11-30,82223.25205479452,2372005.6837450457,,,1602215.2671305872,687567.1645596639,Rest of Europe,monthly,EU
2016-12-31,82223.25205479452,2407871.451598866,,,1607499.7304209638,718148.4691231078,Rest of Europe,monthly,EU
2017-01-31,88413.28219178083,2535316.466912833,,,1721147.8259810563,725755.3587399959,Rest of Europe,monthly,EU
2017-02-28,88413.28219178083,2364231.6224450115,,,1622808.5706744937,653009.7695787372,Rest of Europe,monthly,EU
2017-03-31,88413.28219178083,2168271.2045986224,,,1396590.4412917583,683267.4811150834,Rest of Europe,monthly,EU
2017-04-30,88413.28219178083,2091261.953646229,,,1284037.944368921,718810.7270855273,Rest of Europe,monthly,EU
2017-05-31,88413.28219178083,2013518.0498486515,,,1242400.1676860382,682704.5999708325,Rest of Europe,monthly,EU
2017-06-30,88413.28219178083,1995733.2879563672,,,1228323.7567200619,678996.2490445243,Rest of Europe,monthly,EU
2017-07-31,88413.28219178083,2087771.1066654641,,,1293263.3829069943,706094.4415666892,Rest of Europe,monthly,EU
2017-08-31,88413.28219178083,2160798.457849403,,,1283614.870782338,788770.3048752836,Rest of Europe,monthly,EU
2017-09-30,88413.28219178083,2121763.7789131543,,,1299106.7938073268,734243.7029140464,Rest of Europe,monthly,EU
2017-10-31,88413.28219178083,2178679.839361325,,,1353104.8709108557,737161.6862586885,Rest of Europe,monthly,EU
2017-11-30,88413.28219178083,2349271.1026394404,,,1505082.1281346777,755775.6923129818,Rest of Europe,monthly,EU
2017-12-31,88413.28219178083,2248328.1883573006,,,1417654.8401810476,742260.0659844724,Rest of Europe,monthly,EU
2018-01-31,93746.86849315069,2138777.2683722517,,,1456179.6840381236,588850.7158409772,Rest of Europe,monthly,EU
2018-02-28,93746.86849315069,2328133.108186885,,,1592748.3638174883,641637.8758762456,Rest of Europe,monthly,EU
2018-03-31,93746.86849315069,2204058.081317664,,,1432838.4706300609,677472.7421944526,Rest of Europe,monthly,EU
2018-04-30,93746.86849315069,1906993.7680112894,,,1090543.5948427166,722703.304675422,Rest of Europe,monthly,EU
2018-05-31,93746.86849315069,1921476.6357490388,,,1096422.1991134363,731307.5681424518,Rest of Europe,monthly,EU
2018-06-30,93746.86849315069,1963140.052238621,,,1174518.3482447215,694874.8355007488,Rest of Europe,monthly,EU
2018-07-31,93746.86849315069,2120687.123891468,,,1301414.5208066565,725525.734591661,Rest of Europe,monthly,EU
2018-08-31,93746.86849315069,2133471.6857056897,,,1293657.153994246,746067.663218293,Rest of Europe,monthly,EU
2018-09-30,93746.86849315069,2112479.562611078,,,1302655.817471513,716076.8766464144,Rest of Europe,monthly,EU
2018-10-31,93746.86849315069,2211822.604335877,,,1366087.9564252356,751987.7794174902,Rest of Europe,monthly,EU
2018-11-30,93746.86849315069,2345287.9646745143,,,1474142.8868604582,777398.2093209053,Rest of Europe,monthly,EU
2018-12-31,93746.86849315069,2303767.842968531,,,1479912.2295578106,730108.7449175697,Rest of Europe,monthly,EU
2019-01-31,66782.55033007135,2239212.277466669,,,1579572.9595029939,592856.7676336039,Rest of Europe,monthly,EU
2019-02-28,67451.76260039746,2174783.9539340325,,,1406392.442009832,700939.7493238028,Rest of Europe,monthly,EU
2019-03-31,72721.38063106997,1978336.1515485488,,,1209958.3863853558,695656.384532123,Rest of Europe,monthly,EU
2019-04-30,90659.09747048549,1958418.011907775,,,1109264.8869855588,758494.0274517307,Rest of Europe,monthly,EU
2019-05-31,95118.47150909953,1867876.1108909962,,,1043803.0484307448,728954.5909511517,Rest of Europe,monthly,EU
2019-06-30,124821.69632519729,1888011.5658982338,,,1044237.2715466742,718952.5980263624,Rest of Europe,monthly,EU
2019-07-31,137626.64849586482,1925554.02420974,,,1108695.2790795886,679232.0966342867,Rest of Europe,monthly,EU
2019-08-31,139529.4831257351,1926613.3751280974,,,1085425.3411078376,701658.5508945247,Rest of Europe,monthly,EU
2019-09-30,130683.26174163386,1984959.2664108828,,,1109786.2838260317,744489.7208432171,Rest of Europe,monthly,EU
2019-10-31,118444.1138323062,2072574.2107605652,,,1246768.6649577797,707361.4319704793,Rest of Europe,monthly,EU
2019-11-30,88786.92764470358,2081633.57275312,,,1300404.4473721136,692442.1977363026,Rest of Europe,monthly,EU
2019-12-31,84764.23809994503,1964739.8258812353,,,1229532.544142582,650443.0436387085,Rest of Europe,monthly,EU
2020-01-31,80128.45509589413,2004886.0080497803,,,1278383.4778780495,646374.0750758367,Rest of Europe,monthly,EU
2020-02-29,83770.3734101124,1866934.3761273106,925933.9936354456,2792868.3697627564,1158002.4064100462,625161.596307152,Rest of Europe,monthly,EU
2020-03-31,53020.42630313959,1769419.2684074393,920088.1252003207,2689507.39360776,1056390.9960256494,660007.8460786506,Rest of Europe,monthly,EU
2020-04-30,5010.293668194441,1538794.4661742947,924960.3315624685,2463754.797736763,847487.7731942593,686296.3993118409,Rest of Europe,monthly,EU
2020-05-31,3663.8697181081116,1411443.553897236,1016558.4152962131,2428001.9691934492,811729.288312709,596050.3958664191,Rest of Europe,monthly,EU
2020-06-30,7257.900039968412,1515964.4281336074,1193870.5199670775,2709834.948100685,899479.8783903177,609226.6497033213,Rest of Europe,monthly,EU
2020-07-31,27901.418693328178,1619497.777302061,1233627.202758817,2853124.980060878,1000338.8657617675,591257.4928469654,Rest of Europe,monthly,EU
2020-08-31,49532.838034821456,1722692.685684298,1208025.1712959998,2930717.8569802977,1058521.7059914866,614638.1416579897,Rest of Europe,monthly,EU
2020-09-30,44904.6268429253,1829736.9271799831,1271698.2464324452,3101435.1736124284,1091105.2735103834,693727.0268266744,Rest of Europe,monthly,EU
2020-10-31,30832.569795935782,1713430.165860427,1221054.6885274483,2934484.854387875,1048392.24276478,634205.3532997114,Rest of Europe,monthly,EU
2020-11-30,16661.908988819894,1893092.030235552,1122036.1002503266,3015128.1304858783,1198898.7633945597,677531.3578521726,Rest of Europe,monthly,EU
2020-12-31,14524.144608229875,1876228.42530083,1114140.0461338535,2990368.4714346835,1214082.8285309225,647621.4521616775,Rest of Europe,monthly,EU
2021-01-31,10942.597456788548,1978149.155663145,1057311.5624296102,3035460.718092755,1327269.5469576537,639937.0112487025,Rest of Europe,monthly,EU
2021-02-28,7882.028218679688,1819148.4479482626,1108120.0470260326,2927268.494974295,1230504.4061571185,580762.0135724645,Rest of Europe,monthly,EU
2021-03-31,8220.863515792986,1809811.0085591925,1145777.4092564122,2955588.4178156047,1162742.5196409654,638847.6254024343,Rest of Europe,monthly,EU
2021-04-30,10926.747071354426,1732548.330494167,1288109.7633828165,3020658.0938769835,1084215.925035406,637405.6583874067,Rest of Europe,monthly,EU
2021-05-31,13805.058455519364,1576378.5317229852,1467145.9010990174,3043524.432822003,866960.3862857878,695613.0869816781,Rest of Europe,monthly,EU
2021-06-30,27747.732475669403,1637004.5368006483,1603183.526857031,3240188.0636576796,955450.9689894756,653805.8353355033,Rest of Europe,monthly,EU
2021-07-31,54915.34664459072,1749887.4240362272,1756004.1977958498,3505891.621832077,1079547.078078671,615424.9993129653,Rest of Europe,monthly,EU
2021-08-31,74435.01491638093,1727227.6046627434,1842809.5167517033,3570037.1214144467,1024306.1791466684,628486.4105996939,Rest of Europe,monthly,EU
2021-09-30,76768.38653007068,1853119.0961808604,1610357.7488479007,3463476.845028761,1143044.1643773913,633306.5452733985,Rest of Europe,monthly,EU
2021-10-31,73731.50681205458,1922574.7961124827,1548047.3777398113,3470622.1738522938,1156980.0524922432,691863.2368081848,Rest of Europe,monthly,EU
2021-11-30,48676.64886140467,2123458.47333895,1527037.5398504909,3650496.013189441,1330903.0978204845,743878.7266570607,Rest of Europe,monthly,EU
2021-12-31,47235.50069200114,2151544.2847437067,1403274.362162061,3554818.6469057677,1391162.2003745476,713146.5836771575,Rest of Europe,monthly,EU
2022-01-31,37640.89048596236,2044585.5678630767,1294719.6952433155,3339305.263106392,1304961.3438302022,701983.3335469121,Rest of Europe,monthly,EU
2022-02-28,37937.42197116359,1772406.7864173306,1295129.1401082769,3067535.9265256077,1145347.8547124723,589121.5097336948,Rest of Europe,monthly,EU
2022-03-31,48211.17876960986,1995185.0802529592,1472751.128865833,3467936.209118792,1294676.2602219996,652297.6412613498,Rest of Europe,monthly,EU
2022-04-30,67861.8139539118,1681747.2252383924,1388961.5320060626,3070708.7572444547,972363.8252289766,641521.5860555039,Rest of Europe,monthly,EU
2022-05-31,88579.04350641735,1624045.7867521937,1520703.0080868239,3144748.794839017,914954.5111618886,620512.2320838878,Rest of Europe,monthly,EU
2022-06-30,106197.1098505428,1755673.443738779,1523589.8386399818,3279263.282378761,1000510.5559990789,648965.7778891572,Rest of Europe,monthly,EU
2022-07-31,113798.23465607976,1826723.0831378018,1495891.6380714632,3322614.7212092653,1029661.6664391618,683263.1820425602,Rest of Europe,monthly,EU
2022-08-31,114518.74205772755,1816991.3018654531,1519837.6590740862,3336828.9609395396,1095722.5962085854,606749.9635991403,Rest of Europe,monthly,EU
2022-09-30,111197.32578194758,1812998.7214781868,1625516.5337744479,3438515.2552526346,1076739.710434377,625061.6852618621,Rest of Europe,monthly,EU
2022-10-31,98987.57372103391,1739839.9822545038,1614916.8492723275,3354756.8315268313,1017765.0274696663,623087.3810638034,Rest of Europe,monthly,EU
2022-11-30,69015.18243646542,1868041.0678584445,1563247.8293853248,3431288.89724377,1175983.694815781,623042.1906061982,Rest of Europe,monthly,EU
2022-12-31,60692.4744861636,1922716.4804740965,1538255.0502911722,3460971.5307652685,1293287.885775281,568736.1202126518,Rest of Europe,monthly,EU
2023-01-31,57643.524515275836,1667271.8397337392,1503727.6711154736,3170999.5108492128,1092226.3200168048,517401.9952016584,Rest of Europe,monthly,EU
2023-02-28,71992.657323368,1779585.0852090265,1368648.324433359,3148233.409642386,1165867.9236163825,541724.504269276,Rest of Europe,monthly,EU
2023-03-31,74197.37468961191,1687003.4782269518,1480565.8236506495,3167569.301877601,972093.4374273021,640712.6661100377,Rest of Europe,monthly,EU
2023-04-30,84228.78977131566,1534443.6318427352,1306409.307760604,2840852.9396033394,794847.5530515385,655367.289019881,Rest of Europe,monthly,EU
2023-05-31,97641.38977084837,1434014.966465011,1220156.205171069,2654171.17163608,692370.8514732431,644002.7252209196,Rest of Europe,monthly,EU
2023-06-30,116509.1929776895,1426922.5279058244,1167527.7921966608,2589133.1122596897,694025.8497133604,616387.4852147745,Rest of Europe,monthly,EU
2023-07-31,137778.65173213845,1486985.096704461,,,747855.1719451556,601351.2730271668,Rest of Europe,monthly,EU
2023-08-31,126326.80318527951,1615584.7553840287,,,816761.1916742071,672496.7605245421,Rest of Europe,monthly,EU
2023-09-30,116384.14125564006,1643149.6038195577,,,866673.5505655,660091.9119984175,Rest of Europe,monthly,EU
2023-10-31,103177.28678345443,1590129.9924623682,,,892273.4235635748,594679.2821153388,Rest of Europe,monthly,EU
2016-01-31,11065.476712328767,303690.8357369685,,,159485.73507672618,133139.62394791353,France,monthly,EU
2016-02-29,11065.476712328767,259173.95421295913,,,126656.22782013784,121452.24968049252,France,monthly,EU
2016-03-31,11065.476712328767,307208.70130350225,,,150029.24995337185,146113.97463780164,France,monthly,EU
2022-09-30,2781.4580046290725,409846.73691516655,357604.56821425195,767451.3051294185,256186.54469362504,150878.73421691245,Italy,monthly,EU
2022-09-30,11881.727002559399,228280.84765869647,451306.1501966917,679586.9978553881,102607.59802788543,113791.52262825164,France,monthly,EU
2022-09-30,29112.412185828798,316045.16576163087,294383.9253578511,610429.091119482,160070.40909755777,126862.3444782443,Spain,monthly,EU
2022-09-30,30868.146943108753,1048422.8504724702,558386.0934116715,1606808.9438841417,760429.2577056584,257125.44582370296,Germany,monthly,EU
2016-04-30,11065.476712328767,237789.05559498936,,,89999.90879675625,136723.67008590433,France,monthly,EU
2016-05-31,11065.476712328767,196623.5456164742,,,50409.68505658761,135148.38384755782,France,monthly,EU
2016-06-30,11065.476712328767,203370.8238682651,,,53991.62224629546,138313.7249096409,France,monthly,EU
2016-07-31,11065.476712328767,212543.91519243064,,,66096.53471691297,135381.9037631889,France,monthly,EU
2016-08-31,11065.476712328767,213040.90077800854,,,67776.00793848808,134199.4161271917,France,monthly,EU
2016-09-30,11065.476712328767,310708.2002840238,,,149469.07894422818,150173.64462746686,France,monthly,EU
2016-10-31,11065.476712328767,360923.95969517145,,,175939.05265441726,173919.4303284254,France,monthly,EU
2016-11-30,11065.476712328767,422838.7181757682,,,239557.61018101146,172215.63128242796,France,monthly,EU
2016-12-31,11065.476712328767,438482.9438337434,,,253914.50196373046,173502.9651576841,France,monthly,EU
2017-01-31,11357.668493150684,463032.23329732585,,,299943.51547161426,151731.04933256088,France,monthly,EU
2017-02-28,11357.668493150684,368489.6152759635,,,228831.73918785775,128300.20759495509,France,monthly,EU
2017-03-31,11357.668493150684,312850.71533918526,,,160200.50701170566,141292.53983432893,France,monthly,EU
2017-04-30,11357.668493150684,282717.831379752,,,123902.0964882384,147458.06639836295,France,monthly,EU
2017-05-31,11357.668493150684,251310.57265595585,,,88246.27843376993,151706.62572903527,France,monthly,EU
2017-06-30,11357.668493150684,233128.50275185995,,,76503.91279709352,145266.92146161574,France,monthly,EU
2017-07-31,11357.668493150684,285775.6504278202,,,123469.0754303317,150948.90650433785,France,monthly,EU
2017-08-31,11357.668493150684,220415.06642636235,,,66563.84937131949,142493.54856189218,France,monthly,EU
2017-09-30,11357.668493150684,246901.0298007264,,,109209.03156347391,126334.32974410181,France,monthly,EU
2017-10-31,11357.668493150684,344701.6133468338,,,188855.140053503,144488.8048001801,France,monthly,EU
2017-11-30,11357.668493150684,413771.6681292702,,,244523.14241900778,157890.85721711174,France,monthly,EU
2017-12-31,11357.668493150684,384363.7431505636,,,192001.63913733108,181004.4355200819,France,monthly,EU
2020-05-31,1718.7652603994193,137622.63193212418,305342.75876831054,442965.3907004347,46509.89246107819,89393.97421064657,France,monthly,EU
2020-06-30,2830.1666008801017,211448.57989007005,401784.23388132855,613232.8137713986,83213.96772867635,125404.4455605136,France,monthly,EU
2020-07-31,5518.625347924694,214809.52329673382,409696.63179821946,624506.1550949533,94066.42863705698,115224.46931175215,France,monthly,EU
2020-08-31,8880.29575978579,221530.80604074255,398568.5009452285,620099.306985971,86176.34526875654,126474.16501220023,France,monthly,EU
2020-09-30,9462.311177320418,250500.80994346936,404345.2595985463,654846.0695420157,106331.75738482612,134706.74138132282,France,monthly,EU
2020-10-31,6995.998054810501,236703.65487891942,391866.77095586504,628570.4258347845,84866.43032112041,144841.22650298852,France,monthly,EU
2020-11-30,4138.0653265505725,312975.0295065933,338972.9804488639,651948.0099554572,149161.18090582723,159675.78327421553,France,monthly,EU
2020-12-31,3812.879673077596,262429.8980759797,362900.8890918666,625330.7871678463,163763.17653061592,94853.84187228623,France,monthly,EU
2021-01-31,3452.1624326003853,316867.76910942385,328887.06618502404,645754.8352944478,210070.0703583577,103345.53631846575,France,monthly,EU
2021-02-28,3101.3808517548964,300873.81965663657,307574.63388192654,608448.4535385631,157939.801993179,139832.6368117027,France,monthly,EU
2021-03-31,2934.061201779842,296966.2331238199,299167.63511499733,596133.8682388172,140492.3391505907,153539.83277144935,France,monthly,EU
2021-04-30,3052.922077726724,276022.7387152977,308502.6262703122,584525.3649856099,105933.72893935797,167036.087698213,France,monthly,EU
2021-05-31,3612.521830949813,206852.84901114774,359628.31114604103,566481.1601571888,45404.524473464044,157835.8027067339,France,monthly,EU
2021-06-30,4856.609759424012,216556.8863152921,445104.49587710196,661661.382192394,55832.20927740731,155868.06727846077,France,monthly,EU
2019-03-31,9289.95504689548,256079.96571766178,,,104195.29420948031,142594.71646128598,France,monthly,EU
2019-04-30,10191.98992076647,231833.33405130982,,,73910.3424791389,147731.00165140445,France,monthly,EU
2022-09-30,31333.6544420847,354424.93144957395,388286.6397734434,742711.5712230173,228242.74522801922,94848.53177947,United Kingdom,monthly,
2020-07-31,1904.198447465326,266646.16163120954,276677.69990109565,543323.8615323051,164372.76629439654,100369.19688934766,United Kingdom,monthly,
2020-08-31,4205.24396412192,265170.7225617951,260625.6172843171,525796.3398461122,181437.62280261298,79527.85579506018,United Kingdom,monthly,
2019-08-31,13900.483007266372,225180.5762642676,,,71191.15978769753,140088.9334693037,France,monthly,EU
2019-09-30,14447.069722361342,250711.14279311575,,,94549.85352704053,141714.2195437139,France,monthly,EU
2019-10-31,13033.95526938466,234086.42310613435,,,102191.62983830106,118860.83799844861,France,monthly,EU
2019-11-30,11167.710817490797,349644.98563186754,,,197973.31770070372,140503.95711367304,France,monthly,EU
2019-12-31,10729.539044416391,312816.4031215714,,,145180.04839390056,156906.81568325442,France,monthly,EU
2020-01-31,10547.268893919103,320795.55483304313,,,174687.65691969846,135560.62901942554,France,monthly,EU
2020-02-29,11159.845430486359,270788.2878178599,251889.2513115266,522677.53912938654,132450.17375203353,127178.26863534,France,monthly,EU
2020-03-31,8168.439224963533,230967.3718856307,250574.036070331,481541.4079559617,114667.16657071163,108131.76608995553,France,monthly,EU
2020-04-30,2446.6874474720757,122171.94259303018,253499.68818928915,375671.63078231935,25945.167396429337,93780.08774912875,France,monthly,EU
2016-02-29,25768.509589041096,1204915.586465396,,,916785.0262190496,262362.05065730517,Germany,monthly,EU
2016-03-31,25768.509589041096,1231567.8075443031,,,937385.190821881,268414.10713338107,Germany,monthly,EU
2016-04-30,25768.509589041096,1213483.6896787474,,,891679.6470711197,296035.5330185866,Germany,monthly,EU
2016-05-31,25768.509589041096,1142307.5906024422,,,771079.1782843028,345459.90272909834,Germany,monthly,EU
2016-06-30,25768.509589041096,1192622.2530933432,,,840575.0451092619,326278.6983950401,Germany,monthly,EU
2016-07-31,25768.509589041096,1181755.4302204833,,,826303.3038926496,329683.6167387927,Germany,monthly,EU
2016-08-31,25768.509589041096,1189075.8102038815,,,814381.9635088652,348925.337105975,Germany,monthly,EU
2016-09-30,25768.509589041096,1288773.9396283226,,,931238.2820000764,331767.1480392051,Germany,monthly,EU
2016-10-31,25768.509589041096,1320957.5892088173,,,967458.3441366045,327730.7354831718,Germany,monthly,EU
2016-11-30,25768.509589041096,1392790.0504933367,,,1003863.9417060169,363157.59919827874,Germany,monthly,EU
2016-12-31,25768.509589041096,1336433.0581786295,,,953095.5534170325,357568.9951725559,Germany,monthly,EU
2017-01-31,25313.854794520546,1443845.0186312362,,,1097857.450125315,320673.7137114006,Germany,monthly,EU
2017-02-28,25313.854794520546,1324107.654236323,,,989046.2802100029,309747.51923179947,Germany,monthly,EU
2017-07-31,5221.334246575342,530501.772706068,,,327868.65943848976,197411.77902100288,Italy,monthly,EU
2017-08-31,5221.334246575342,457561.37887879484,,,309114.8651998145,143225.17943240498,Italy,monthly,EU
2017-09-30,5221.334246575342,461327.4242665764,,,297765.29042923957,158340.79959076148,Italy,monthly,EU
2017-10-31,5221.334246575342,518311.8561934639,,,318543.2265135512,194547.2954333373,Italy,monthly,EU
2017-11-30,5221.334246575342,575716.1889490951,,,374171.11095281143,196323.74374970826,Italy,monthly,EU
2017-12-31,5221.334246575342,529059.8136656407,,,340284.58867478435,183553.89074428097,Italy,monthly,EU
2018-01-31,5170.813698630137,407925.3361357049,,,268253.1886328499,134501.33380422485,Italy,monthly,EU
2018-02-28,5170.813698630137,458227.08537988533,,,281177.23463819496,171879.03704306023,Italy,monthly,EU
2018-03-31,5170.813698630137,433128.9941945183,,,253806.6683587463,174151.51213714186,Italy,monthly,EU
2016-01-31,5419.668493150685,511700.3249365441,,,336901.4364316399,169379.22001175352,Italy,monthly,EU
2016-02-29,5419.668493150685,454336.7476276765,,,273376.2804131827,175540.7987213432,Italy,monthly,EU
2016-03-31,5419.668493150685,414086.76129601366,,,245023.65334611436,163643.43945674863,Italy,monthly,EU
2016-04-30,5419.668493150685,389704.86011850747,,,219019.62322221568,165265.56840314108,Italy,monthly,EU
2016-05-31,5419.668493150685,367178.83314274886,,,208785.37200316435,152973.7926464338,Italy,monthly,EU
2016-06-30,5419.668493150685,395256.78971920087,,,214717.42686947275,175119.69435657744,Italy,monthly,EU
2016-07-31,5419.668493150685,423357.0368678748,,,263905.0573941877,154032.3109805364,Italy,monthly,EU
2016-08-31,5419.668493150685,403535.8197072448,,,243475.18827131612,154640.96294277802,Italy,monthly,EU
2019-08-31,45349.605544237114,377049.9963476004,,,169240.10025958245,162460.2905437808,Spain,monthly,EU
2019-09-30,45519.783625306605,332681.41106587305,,,152085.141101191,135076.48633937546,Spain,monthly,EU
2019-10-31,39316.48270721979,337904.19622167014,,,161015.60875511475,137572.10475933563,Spain,monthly,EU
2019-11-30,25650.448485237896,313897.2030060528,,,131719.8978295512,156526.85669126373,Spain,monthly,EU
2019-12-31,26068.89621001249,261254.17671289347,,,101649.6692745512,133535.6112283298,Spain,monthly,EU
2017-08-31,18583.405479452056,396721.8623220092,,,209501.8024969741,168636.65434558305,Spain,monthly,EU
2017-09-30,18583.405479452056,397017.96065272583,,,206277.7781294927,172156.77704378107,Spain,monthly,EU
2017-10-31,18583.405479452056,433938.9343722808,,,252803.12997059908,162552.39892222962,Spain,monthly,EU
2017-11-30,18583.405479452056,491553.2984514052,,,302600.9800899772,170368.91288197596,Spain,monthly,EU
2017-12-31,18583.405479452056,419887.7139785062,,,250354.34767641663,150949.96082263757,Spain,monthly,EU
2018-01-31,29466.167123287672,356930.2111287939,,,196257.93749605858,131206.10650944762,Spain,monthly,EU
2018-02-28,29466.167123287672,361759.17761381285,,,225395.28733768378,106897.72315284137,Spain,monthly,EU
2018-03-31,29466.167123287672,323694.3609835876,,,113997.23073844622,180230.96312185374,Spain,monthly,EU
2021-08-31,9459.141815144614,210959.3031742878,586069.919430991,797029.2226052788,37342.889572370594,164157.2717867726,France,monthly,EU
2021-09-30,8499.256646568363,269863.7070576987,494810.981629233,764674.6886869317,91833.70437570666,169530.74603542365,France,monthly,EU
2021-10-31,8275.755624208146,279520.6145682768,483431.91337111377,762952.5279393906,105062.8881736349,166181.97077043378,France,monthly,EU
2021-11-30,7964.7910359871685,369750.4307282494,483704.44961079647,853454.8803390459,203511.48916362738,158274.1505286349,France,monthly,EU
2021-12-31,7760.714075489697,352768.02669644717,417095.8450388867,769863.8717353339,188820.64305256424,156186.66956839323,France,monthly,EU
2022-01-31,6527.19881189101,369666.35626912053,376155.00439577416,745821.3606648947,220288.26042244976,142850.89703477974,France,monthly,EU
2022-02-28,6456.41320025744,331194.58991331956,386538.073843861,717732.6637571806,177255.0636715986,147483.11304146354,France,monthly,EU
2022-03-31,7296.294659697934,329551.4161615384,440102.70477657643,769654.1209381148,172659.33806744852,149595.78343439195,France,monthly,EU
2022-04-30,8796.927051816567,227608.88648811667,415973.2983137391,643582.1848018558,109099.96607047254,109711.99336582754,France,monthly,EU
2022-05-31,10380.111786658179,232887.39496453523,465834.3445227936,698721.7394873288,92108.49444178684,130398.78873609021,France,monthly,EU
2022-06-30,11432.839958438959,217387.82183258297,465530.86610080214,682918.6879333851,83688.76392927131,122266.21794487267,France,monthly,EU
2022-07-31,12396.992324251276,252014.05253892293,437377.2951072345,689391.3476461575,101425.89635702079,138191.16385765086,France,monthly,EU
2022-08-31,12557.723167135033,239366.05684385955,421480.00985663396,660846.0667004935,92795.89727433678,134012.43640238774,France,monthly,EU
2021-07-31,11613.330262766274,264237.2974325239,286448.7988735134,550686.0963060374,102302.16406410758,150321.8031056501,Spain,monthly,EU
2021-08-31,16905.0424389241,258929.22952978621,330232.42991664895,589161.6594464352,104885.34742067844,137138.83967018366,Spain,monthly,EU
2021-09-30,16415.517714686055,287537.7346494102,277917.04473624914,565454.7793856594,130143.38144294446,140978.83549177967,Spain,monthly,EU
2021-10-31,13824.67805046377,296785.7769162749,264994.2300460704,561780.0069623453,120242.48370035678,162718.61516545434,Spain,monthly,EU
2021-11-30,9217.622936441487,310398.04494097835,267567.687966515,577965.7329074934,157682.79456247346,143497.62744206336,Spain,monthly,EU
2021-12-31,10371.499042850686,264460.8024498109,259526.7685974327,523987.5710472436,139365.86589605772,114723.43751090248,Spain,monthly,EU
2022-01-31,7637.941937402061,304939.46864536486,240097.86373779565,545037.3323831605,150719.421174864,146582.1055330988,Spain,monthly,EU
2022-02-28,7736.40193197166,278195.92404380976,232284.0248699107,510479.94891372044,135894.00264145716,134565.51947038094,Spain,monthly,EU
2022-03-31,9619.972617911315,253781.9278208439,271558.6527731638,525340.5805940077,120169.54360752052,123992.41159541205,Spain,monthly,EU
2022-04-30,15742.707244307618,245717.9651404371,250605.02069468645,496322.9858351236,103974.59484634847,126000.66304978101,Spain,monthly,EU
2018-04-30,5170.813698630137,366166.0329024025,,,178345.36824339617,182649.85096037624,Italy,monthly,EU
2018-05-31,5170.813698630137,317733.82876227924,,,186815.05880453662,125747.95625911247,Italy,monthly,EU
2018-06-30,5170.813698630137,360536.0607237628,,,192566.2985034768,162798.94852165587,Italy,monthly,EU
2018-07-31,5170.813698630137,422927.2744115628,,,254564.3997566253,163192.06095630734,Italy,monthly,EU
2018-08-31,5170.813698630137,414366.0272329257,,,243507.56336452928,165687.6501697663,Italy,monthly,EU
2018-09-30,5170.813698630137,448642.6653743191,,,285439.0521678076,158032.7995078814,Italy,monthly,EU
2017-05-31,18583.405479452056,363049.7995597478,,,197248.52661584673,147217.86746444902,Spain,monthly,EU
2017-06-30,18583.405479452056,429433.0791930393,,,261931.35718259306,148918.31653099417,Spain,monthly,EU
2017-07-31,18583.405479452056,419777.776089629,,,256233.77159941592,144960.59901076098,Spain,monthly,EU
2018-10-31,5170.813698630137,475374.87838508835,,,259907.09531350917,210296.969372949,Italy,monthly,EU
2018-11-30,5170.813698630137,456907.1153131021,,,262574.21544830705,189162.08616616487,Italy,monthly,EU
2018-12-31,5170.813698630137,442481.9533257444,,,269744.745326241,167566.39430087325,Italy,monthly,EU
2019-01-31,4615.225447481411,437961.3761974438,,,285016.8655044993,148329.28524546308,Italy,monthly,EU
2019-02-28,4978.227653648258,415190.7329798488,,,241971.92681011907,168240.5785160815,Italy,monthly,EU
2019-03-31,4975.038372117807,402774.5594325273,,,214127.92986298064,183671.59119742885,Italy,monthly,EU
2019-04-30,5222.166105728535,383924.07696859393,,,207703.89021369765,170998.02064916774,Italy,monthly,EU
2019-05-31,4821.374280550868,309745.0146364245,,,173924.8864716542,130998.75388421945,Italy,monthly,EU
2019-06-30,5991.663987088812,376272.58709594497,,,205596.17468293672,164684.74842591942,Italy,monthly,EU
2019-07-31,6496.043484439672,427927.4235655284,,,256479.11607887136,164952.26400221742,Italy,monthly,EU
2019-08-31,6799.71310614518,366687.29881240276,,,221957.73709969217,137929.84860656547,Italy,monthly,EU
2019-09-30,6268.17713658988,398649.5418085638,,,249528.02655382722,142853.3381181467,Italy,monthly,EU
2019-10-31,5404.492176886712,420728.39634722465,,,242810.84046807894,172513.06370225898,Italy,monthly,EU
2019-11-30,5406.568344255077,391021.8586436883,,,222983.7202278016,162631.57007163164,Italy,monthly,EU
2019-12-31,5350.347155924516,370964.1386633661,,,202125.32448095677,163488.46702648475,Italy,monthly,EU
2022-05-31,21413.995937178122,273125.8822299281,272371.75893655,545497.6411664782,110078.79170740827,141633.09458534172,Spain,monthly,EU
2022-06-30,25211.333375631726,284935.58257361664,278637.47985360085,563573.0624272175,158215.42901292667,101508.82018505824,Spain,monthly,EU
2022-07-31,28366.489178826607,341544.1111649712,270247.5989689132,611791.7101338843,178773.79463458355,134403.82735156105,Spain,monthly,EU
2022-08-31,30293.362025010483,337511.19029039063,268220.5832434521,605731.7735338428,167091.7580318618,140126.07023351837,Spain,monthly,EU
2016-01-31,17526.893150684933,333892.0862945723,,,165833.71594184721,150531.47720204014,Spain,monthly,EU
2016-02-29,17526.893150684933,315860.11508901935,,,129573.39589626674,168759.82604206767,Spain,monthly,EU
2020-09-30,3349.081410845502,403005.34171614924,237406.35336565753,640411.6950818067,247381.54621080708,152274.71409449665,Italy,monthly,EU
2020-10-31,2479.4889517378933,386697.958549979,215006.6198739248,601704.5784239038,195672.06454451138,188546.40505372974,Italy,monthly,EU
2020-11-30,1669.1747729248814,423314.74085677776,179331.35442374847,602646.0952805262,225526.38529788877,196119.1807859641,Italy,monthly,EU
2020-12-31,1439.0745928472247,385012.12276149995,169565.19710867418,554577.3198701742,230527.52889214773,153045.51927650502,Italy,monthly,EU
2021-01-31,1343.1816654127585,358631.28215913294,172387.31417143595,531018.5963305689,226323.26017871787,130964.84031500235,Italy,monthly,EU
2021-02-28,1158.6999053260292,375368.69429416035,194562.4435940164,569931.1378881767,204367.84682348015,169842.14756535421,Italy,monthly,EU
2021-03-31,1346.7259451872285,373940.4218760236,183827.2661313761,557767.6880073997,189148.2395123557,183445.45641848067,Italy,monthly,EU
2021-04-30,1556.6454785578521,354666.505272738,206368.57398368433,561035.0792564224,193149.53933917277,159960.32045500737,Italy,monthly,EU
2023-03-31,23725.908529831177,920160.3616293966,530379.2330996791,1450539.5947290757,621890.5700063434,274543.883093222,Germany,monthly,EU
2023-03-31,2477.670220453571,389793.2885348159,329236.63679412944,719029.9253289453,219909.18835625533,167406.42995810695,Italy,monthly,EU
2023-03-31,8512.500083404631,221552.53000792523,455617.46495388396,677169.9949618091,120488.53316530617,92551.49675921444,France,monthly,EU
2023-03-31,16501.1762732549,256899.71385496334,295004.84317176725,551904.5570267306,87370.57875526648,153027.95882644196,Spain,monthly,EU
2020-01-31,5114.500850750873,396293.18715018645,,,248812.05299998703,142366.63329944853,Italy,monthly,EU
2020-02-29,5287.635943356572,397031.755556918,194680.87274845774,591712.6283053757,219003.13194071813,172740.9876728433,Italy,monthly,EU
2016-03-31,17526.893150684933,295720.1415735186,,,118349.02364113815,159844.2247816955,Spain,monthly,EU
2016-04-30,17526.893150684933,262692.8867503227,,,89083.38557139503,156082.60802824274,Spain,monthly,EU
2016-05-31,17526.893150684933,276776.7299375433,,,97034.0883336965,162215.74845316182,Spain,monthly,EU
2016-06-30,17526.893150684933,305878.5274536635,,,148697.95366441863,139653.68063855995,Spain,monthly,EU
2016-07-31,17526.893150684933,388932.1531763811,,,214204.728192239,157200.53183345715,Spain,monthly,EU
2016-08-31,17526.893150684933,370433.5195652168,,,196299.38605266126,156607.24036187062,Spain,monthly,EU
2016-09-30,17526.893150684933,413167.3095187927,,,240864.91889948287,154775.49746862493,Spain,monthly,EU
2016-10-31,17526.893150684933,424477.28450787516,,,252409.44368642612,154540.9476707641,Spain,monthly,EU
2016-11-30,17526.893150684933,448155.93876892544,,,270868.59302347363,159760.4525947669,Spain,monthly,EU
2016-12-31,17526.893150684933,423156.55851966894,,,281603.6136437719,124026.05172521205,Spain,monthly,EU
2017-01-31,18583.405479452056,447260.3722863198,,,282274.05569290527,146402.9111139625,Spain,monthly,EU
2017-02-28,18583.405479452056,383770.5369722084,,,206471.87679883392,158715.25469392244,Spain,monthly,EU
2017-03-31,18583.405479452056,302575.2888020884,,,131106.14367331332,152885.73964932308,Spain,monthly,EU
2017-04-30,18583.405479452056,312573.5027441501,,,132854.58162777347,161135.5156369246,Spain,monthly,EU
2019-07-31,43600.42089250336,376056.8307356272,,,182193.70746264883,150262.70238047506,Spain,monthly,EU
2018-04-30,26048.70684931507,1118396.3234694456,,,755205.7718808128,337141.8447393177,Germany,monthly,EU
2018-05-31,26048.70684931507,1080451.2372554287,,,708620.7679935636,345781.7624125502,Germany,monthly,EU
2018-06-30,26048.70684931507,1161834.2047446065,,,819117.8030280684,316667.6948672232,Germany,monthly,EU
2018-07-31,26048.70684931507,1303824.3305104123,,,909441.1929131142,368334.4307479832,Germany,monthly,EU
2018-08-31,26048.70684931507,1231129.4595867414,,,851483.5013516815,353597.25138574495,Germany,monthly,EU
2018-09-30,26048.70684931507,1270275.3249534904,,,875091.7729703173,369134.84513385815,Germany,monthly,EU
2018-10-31,26048.70684931507,1309407.7408780016,,,928766.2268943376,354592.807134349,Germany,monthly,EU
2018-11-30,26048.70684931507,1418786.0296301115,,,1005912.048528776,386825.2742520206,Germany,monthly,EU
2018-12-31,26048.70684931507,1233554.6044149837,,,809505.775647381,398000.1219182877,Germany,monthly,EU
2019-01-31,13924.32009254572,1205862.0397889186,,,899166.3649052822,292771.35479109053,Germany,monthly,EU
2019-02-28,15273.492388925235,1163830.8572261622,,,871122.7930467409,277434.57179049606,Germany,monthly,EU
2019-03-31,16546.534478466278,875493.7954914409,,,593388.9570959761,265558.30391699856,Germany,monthly,EU
2019-04-30,17885.578832491385,1014956.4492431317,,,657860.2471661145,339210.6232445258,Germany,monthly,EU
2019-05-31,19182.482269724005,1004382.9885360448,,,617879.7219454214,367320.78432089946,Germany,monthly,EU
2019-06-30,29456.07954237838,895139.3434561281,,,525196.3569409312,340486.9069728185,Germany,monthly,EU
2019-07-31,32739.936610107656,956032.9638475945,,,611351.8537067649,311941.173530722,Germany,monthly,EU
2019-08-31,32671.472940465246,966605.9242635474,,,589897.246834499,344037.20448858326,Germany,monthly,EU
2019-09-30,33220.11639923833,973510.7388956356,,,583400.6595206779,356889.9629757194,Germany,monthly,EU
2019-10-31,34171.4729196639,1044678.4154562291,,,670446.8841373166,340060.0583992487,Germany,monthly,EU
2019-11-30,28481.986113444833,1193873.4988897769,,,858526.6149030704,306864.8978732617,Germany,monthly,EU
2019-12-31,25754.958446377557,963020.234136274,,,607276.533915623,329988.7417742735,Germany,monthly,EU
2020-01-31,24420.81552757409,1002505.4827231568,,,684143.4993407703,293941.16785481246,Germany,monthly,EU
2020-02-29,26508.055456615588,758426.4877282466,425010.03348865005,1183436.5212168966,450798.5864291922,281119.8458424387,Germany,monthly,EU
2020-03-31,22431.844924705943,799426.9082880054,424847.7454365051,1224274.6537245105,493087.93980830803,283907.1235549914,Germany,monthly,EU
2020-04-30,11174.634382114347,669735.6169218533,428967.1925356348,1098702.8094574881,342599.30174330284,315961.68079643603,Germany,monthly,EU
2020-05-31,7074.7248565042355,656285.1056276776,448683.7259156216,1104968.8315432994,358103.73084255523,291106.6499286182,Germany,monthly,EU
2020-06-30,8403.728649150253,764383.0170949672,489877.23973116034,1254260.2568261274,451707.69778676785,304271.5906590491,Germany,monthly,EU
2020-07-31,12452.514500550851,786093.9814101494,502960.820824426,1289054.8022345754,481951.7125866046,291689.75432299403,Germany,monthly,EU
2017-03-31,25313.854794520546,1211760.0859053477,,,885340.6196805001,301105.61143032694,Germany,monthly,EU
2017-04-30,25313.854794520546,1145319.8223671333,,,814325.0245000721,305680.9430725407,Germany,monthly,EU
2017-05-31,25313.854794520546,1162259.9285700729,,,825290.0876505857,311655.9861249664,Germany,monthly,EU
2017-06-30,25313.854794520546,1111434.1900515503,,,738181.6605825232,347938.67467450636,Germany,monthly,EU
2017-07-31,25313.854794520546,1135524.8297918278,,,768221.3293115865,341989.64568572084,Germany,monthly,EU
2017-08-31,25313.854794520546,1142572.1655888653,,,765047.0971355706,352211.2136587739,Germany,monthly,EU
2017-09-30,25313.854794520546,1192928.735327594,,,848584.6701324582,319030.2104006151,Germany,monthly,EU
2017-10-31,25313.854794520546,1113859.9243584198,,,748685.2189881488,339860.85057575046,Germany,monthly,EU
2017-11-30,25313.854794520546,1305208.2570298857,,,924469.6309903854,355424.77124497964,Germany,monthly,EU
2017-12-31,25313.854794520546,1153194.5757824716,,,775546.3550424245,352334.3659455263,Germany,monthly,EU
2018-01-31,26048.70684931507,1138856.1280292266,,,855002.3205521432,257805.10062776838,Germany,monthly,EU
2018-02-28,26048.70684931507,1437660.6706676516,,,1123521.178568458,288090.7852498787,Germany,monthly,EU
2018-03-31,26048.70684931507,1346064.847951593,,,992756.849965004,327259.2911372742,Germany,monthly,EU
2016-01-31,25768.509589041096,1319996.5906540824,,,1002748.9421661833,291479.1388988579,Germany,monthly,EU
2020-01-31,22219.498284622878,259198.4637748479,,,129789.07999917756,107189.88549104748,Spain,monthly,EU
2020-02-29,25291.617369272808,272067.907091127,146065.04695659108,418132.9540477181,117168.91325599667,129607.37646585751,Spain,monthly,EU
2020-03-31,15593.195525494193,241181.93236627107,146701.19262307725,387883.12498934835,80188.22260200097,145400.5142387759,Spain,monthly,EU
2020-04-30,378.618121367481,164707.16874560152,148652.0208860106,313359.18963161216,76406.01612651638,87922.53449771767,Spain,monthly,EU
2020-05-31,190.1528740680713,192603.61946378925,156789.75360341935,349393.37306720857,79126.71920893241,113286.74738078877,Spain,monthly,EU
2020-06-30,566.7830031049668,257089.35267901426,180808.66942354766,437898.0221025619,113237.46833730022,143285.1013386091,Spain,monthly,EU
2020-07-31,6457.620045658635,267751.9568250798,194420.316075776,462172.2729008558,145175.68330395615,116118.65347546506,Spain,monthly,EU
2020-08-31,17059.867216498922,273162.1661423979,218625.1917099179,491787.3578523158,132701.75613728998,123400.54278860897,Spain,monthly,EU
2020-09-30,14561.204101712014,277656.92406383745,229790.15088727858,507447.074951116,129184.0240143748,133911.6959477506,Spain,monthly,EU
2020-10-31,8661.674456895138,261115.8810346557,234674.29598311777,495790.1770177735,95346.31862515642,157107.88795260416,Spain,monthly,EU
2020-11-30,2819.143045314229,264584.3781474073,208034.81761570598,472619.1957631133,109541.11020372836,152224.1248983647,Spain,monthly,EU
2020-12-31,3459.9055582507553,223194.56979972136,208391.49178543652,431586.0615851579,91075.42401703476,128659.24022443584,Spain,monthly,EU
2021-01-31,1889.883778948459,233701.77617952682,193481.39264890872,427183.16882843553,98565.76904945092,133246.12335112743,Spain,monthly,EU
2021-02-28,1471.9497547020208,199923.7677945213,186469.20128522525,386392.9690797465,64363.12891073588,134088.6891290834,Spain,monthly,EU
2021-03-31,1515.7619331146261,226517.23126078045,188651.5578059857,415168.78906676616,76353.40794190238,148648.06138576346,Spain,monthly,EU
2021-04-30,1942.2544023254204,256358.8938589657,217434.24895453296,473793.1428134986,100135.19782437128,154281.44163226898,Spain,monthly,EU
2021-05-31,3192.644716857257,220329.0206941668,229449.14590438645,449778.16659855325,83963.32082478864,133173.0551525209,Spain,monthly,EU
2021-06-30,5900.37003938855,248951.216239638,238820.64658430175,487771.86282393977,110701.23697434143,132349.609225908,Spain,monthly,EU
2019-05-31,10111.781577362013,228308.03263585933,,,65579.5731349173,152616.67792358002,France,monthly,EU
2019-06-30,13042.332583678832,239200.11405465615,,,62195.221591754555,163962.55987922277,France,monthly,EU
2019-07-31,14424.166421560289,272662.5835852684,,,94703.26684166773,163535.1503220404,France,monthly,EU
2021-07-31,7600.297646159287,211387.6827378369,548420.6123755289,759808.2951133659,56464.20530705645,147323.17978462117,France,monthly,EU
2018-04-30,29466.167123287672,291691.1833673645,,,115654.9704115798,146570.04583249704,Spain,monthly,EU
2018-05-31,29466.167123287672,348156.3527786336,,,158758.82915330704,159931.35650203883,Spain,monthly,EU
2018-06-30,29466.167123287672,364129.0073800868,,,170470.19348995277,164192.64676684636,Spain,monthly,EU
2018-07-31,29466.167123287672,400723.0955642546,,,212509.23339254313,158747.6950484238,Spain,monthly,EU
2018-08-31,29466.167123287672,429942.66426163085,,,219472.95723254004,181003.53990580316,Spain,monthly,EU
2018-09-30,29466.167123287672,433125.2406641301,,,241682.47698025973,161976.59656058263,Spain,monthly,EU
2018-10-31,29466.167123287672,412154.4093215904,,,214103.92042755862,168584.32177074408,Spain,monthly,EU
2018-11-30,29466.167123287672,429260.5405336643,,,250677.8667803604,149116.5066300162,Spain,monthly,EU
2018-12-31,29466.167123287672,356764.2344929937,,,199848.07475622313,127449.99261348284,Spain,monthly,EU
2019-01-31,21833.44419223213,384100.2128548305,,,214500.92299311026,147765.84566948807,Spain,monthly,EU
2019-02-28,24728.31076731618,358230.53731016285,,,183879.2043107471,149623.02223209952,Spain,monthly,EU
2019-03-31,26806.142297861268,294313.63729841064,,,112290.62243313144,155216.87256741794,Spain,monthly,EU
2019-04-30,26453.967989284705,302397.5623862819,,,119778.72126154791,156164.87313544928,Spain,monthly,EU
2019-05-31,28640.733834186707,311971.7209179411,,,121266.780102141,162064.20698161342,Spain,monthly,EU
2019-06-30,38605.11196462041,345338.34390850744,,,146674.690794723,160058.54114916403,Spain,monthly,EU
2021-10-31,2339.2436515553795,399218.99449744984,289396.8231636821,688615.817661132,218259.2487193905,178620.5021265039,Italy,monthly,EU
2021-11-30,1770.2448885268718,469532.5658692033,301938.683647722,771471.2495169253,282330.3288544044,185431.99212627203,Italy,monthly,EU
2021-12-31,1507.0056561994318,453607.551363781,309343.9258138687,762951.4771776497,271355.9898225968,180744.55588498476,Italy,monthly,EU
2022-01-31,1596.3611137232185,387477.8579047498,297699.6753172372,685177.5332219871,258828.79141620253,127052.70537482409,Italy,monthly,EU
2022-02-28,1503.862300017852,440406.54690648906,290062.1616164048,730468.7085228938,269217.5684926235,169685.11611384767,Italy,monthly,EU
2022-03-31,1506.1081299538623,447165.2456047228,313162.163199452,760327.4088041747,269877.5002727837,175781.6372019853,Italy,monthly,EU
2022-04-30,1684.0900826051436,391951.4423574881,303008.8028800741,694960.2452375621,203548.79689700968,186718.55537787327,Italy,monthly,EU
2022-05-31,2071.713268664805,336571.34343179845,347736.2265570512,684307.5699888496,178589.70734420398,155909.92281892968,Italy,monthly,EU
2022-06-30,2434.5536698696183,399642.11756704125,342944.59625870176,742586.713825743,253378.2239371391,143829.33996003252,Italy,monthly,EU
2022-07-31,2598.9743094504483,439371.7576050723,329793.77046319295,769165.5280682652,289337.1537572143,147435.62953840755,Italy,monthly,EU
2022-08-31,2594.3978843691793,390824.9490344892,332027.669878035,722852.6189125243,244759.4526423085,143471.09850781155,Italy,monthly,EU
2020-03-31,2843.905503933836,370774.5288017353,193803.95132011894,564578.4801218542,175125.1532858379,192805.47001196354,Italy,monthly,EU
2020-04-30,1353.0640718133434,227402.43839164556,196613.67198340813,424016.1103750537,155404.68762829635,70644.68669153587,Italy,monthly,EU
2020-05-31,1062.607413483832,255365.50950422825,223883.20123234333,479248.7107365716,151969.82133399922,102333.08075674518,Italy,monthly,EU
2020-06-30,1272.058658807871,357843.1398442246,227823.58568738084,585666.7255316054,189020.11718948683,167550.9639959299,Italy,monthly,EU
2020-07-31,2172.417266760666,410046.7125557151,226978.62407681346,637025.3366325286,231179.15574042243,176695.13954853202,Italy,monthly,EU
2020-08-31,3526.6266947689714,373220.4133199752,229792.34844345975,603012.761763435,227436.59107236477,142257.19555284147,Italy,monthly,EU
2017-12-31,20140.306849315068,488787.09675103927,,,347529.4138517436,121117.37604998061,United Kingdom,monthly,
2018-01-31,11426.175342465753,405998.34974912414,,,273887.01236728445,120685.16203937393,United Kingdom,monthly,
2018-02-28,11426.175342465753,446879.20254573814,,,323312.2824372013,112140.74476607109,United Kingdom,monthly,
2022-11-30,19665.882560779275,320914.3751593942,378572.6655542893,699487.0407136835,196749.76304005663,104498.7295585583,United Kingdom,monthly,
2022-12-31,17245.284809822664,346482.63867694396,374872.0061220478,721354.6447989917,218506.65541548896,110730.69845163237,United Kingdom,monthly,
2023-01-31,16055.872606289826,292216.47253934207,357195.9922447587,649412.4647841007,177282.80778337983,98877.79214967239,United Kingdom,monthly,
2023-02-28,21164.708018386173,294065.855320036,299995.50267456344,594061.3579945995,193090.38964363717,79810.75765801268,United Kingdom,monthly,
2023-03-31,22014.924457607765,282480.3894978546,328631.46647156694,611111.8559694216,184148.31034723992,76317.15469300689,United Kingdom,monthly,
2021-01-31,3749.4138810080976,388485.4266019165,234036.92497873798,622522.3515806545,273685.74105531373,111050.27166559464,United Kingdom,monthly,
2021-02-28,3079.8656814480896,316000.3482043913,252313.06085549653,568313.4090598879,203078.95404683455,109841.52847610867,United Kingdom,monthly,
2021-03-31,3116.6612299024555,302132.91390047775,276855.0715650406,578987.9854655184,199153.70547513093,99862.54719544433,United Kingdom,monthly,
2021-04-30,3430.757975632444,327380.95535834896,315077.5325877204,642458.4879460693,220898.12895195448,103052.06843076202,United Kingdom,monthly,
2021-05-31,4116.156165656125,292485.5566538164,377475.9300070476,669961.486660864,190631.06461311158,97738.33587504875,United Kingdom,monthly,
2021-06-30,6319.7037804255315,262862.2108048119,405959.11450927024,668821.3253140822,162976.88440833244,93565.62261605394,United Kingdom,monthly,
2021-07-31,9929.783395412429,303537.7220189549,437326.6280859599,740864.3501049147,196556.64482092633,97051.29380261616,United Kingdom,monthly,
2021-08-31,15867.511654716303,278812.29110255354,477736.8630548088,756549.1541573624,166576.0094221758,96368.77002566148,United Kingdom,monthly,
2021-09-30,18609.41977889191,318554.7140083572,423204.3039412775,741759.0179496347,198145.53016502238,101799.76406444292,United Kingdom,monthly,
2021-10-31,17866.87235765563,278726.89107832883,398395.9031569377,677122.7942352665,152390.31762760362,108469.70109306958,United Kingdom,monthly,
2021-11-30,13903.25211004067,346718.0163195369,361430.4703675807,708148.4866871176,214783.51005459705,118031.25415489917,United Kingdom,monthly,
2021-12-31,14011.980672054551,334482.5496024606,307847.62747747696,642330.1770799375,222476.7527462381,97993.8161841679,United Kingdom,monthly,
2022-01-31,10354.463709035213,344369.0421505496,282576.969798901,626946.0119494506,231209.7477291531,102804.83071236129,United Kingdom,monthly,
2022-02-28,11780.864654515277,269475.9940963293,302098.49520392844,571574.4893002578,148183.40779323014,109511.7216485839,United Kingdom,monthly,
2022-03-31,14221.75019354595,319332.4851008635,351405.5445225944,670738.0296234579,209682.88846140806,95427.84644590948,United Kingdom,monthly,
2020-09-30,3921.6815047599293,277413.3881916099,281448.9215041641,558862.309695774,191267.0874412881,82224.61924556184,United Kingdom,monthly,
2020-10-31,4492.819241093667,280231.547789022,266170.6758514163,546402.2236404383,170290.5932224478,105448.13532548056,United Kingdom,monthly,
2020-11-30,1300.9056031311095,311282.7983447804,249629.87471085106,560912.6730556315,190803.9177710315,119177.97497061783,United Kingdom,monthly,
2020-12-31,1229.850348291415,344825.66100324533,256580.9204625667,601406.581465812,221663.76948935242,121932.04116560152,United Kingdom,monthly,
2022-04-30,20700.407624240852,318399.78486809216,330663.52110135806,649063.3059694502,200613.99191613417,97085.38532771711,United Kingdom,monthly,
2022-05-31,26662.069623216077,326589.1019007623,351617.5994834537,678206.7013842161,202094.2116807879,97832.82059675833,United Kingdom,monthly,
2022-06-30,29510.528433812913,336384.00633719505,347354.3321338303,683738.3384710253,194957.04552665006,111916.43237673209,United Kingdom,monthly,
2022-07-31,30823.997995903548,353353.02980189945,349117.59820270375,702470.6280046032,216487.43333434904,106041.59847164685,United Kingdom,monthly,
2022-08-31,31134.791774869067,347002.6905331805,361084.6022375847,708087.2927707653,220418.29130019344,95449.60745811797,United Kingdom,monthly,
2019-01-31,7539.749634068104,457851.7386115036,,,346652.65286379866,103659.33611363683,United Kingdom,monthly,
2019-02-28,8580.769097310613,332976.022884873,,,243833.71433126,80561.53945630237,United Kingdom,monthly,
2019-03-31,9205.248564685942,316578.9024807842,,,202982.5475118369,104391.10640426139,United Kingdom,monthly,
2019-04-30,10813.03136171394,331996.78523117834,,,209775.2444628691,111408.50940659527,United Kingdom,monthly,
2019-05-31,10571.753177782803,311587.8345220244,,,190755.28595273345,110260.79539150812,United Kingdom,monthly,
2019-06-30,11955.019558245547,292845.73145682033,,,188654.28928303783,92236.42261553695,United Kingdom,monthly,
2019-07-31,12270.03947114331,286888.20307078114,,,198384.4563728538,76233.70722678398,United Kingdom,monthly,
2019-08-31,12409.321321655954,276215.3841179554,,,153769.69301952716,110036.36977677228,United Kingdom,monthly,
2018-08-31,11426.175342465753,287029.44532642706,,,160022.83445100166,115580.43553295964,United Kingdom,monthly,
2018-09-30,11426.175342465753,263388.148331334,,,175007.85234016512,76954.12064870314,United Kingdom,monthly,
2018-10-31,11426.175342465753,331095.7136953916,,,208938.32535489713,110731.21299802873,United Kingdom,monthly,
2018-11-30,11426.175342465753,402317.0445292187,,,267603.4683617817,123287.40082497124,United Kingdom,monthly,
2018-12-31,11426.175342465753,380762.6600791133,,,240666.1547165863,128670.33002006127,United Kingdom,monthly,
2016-01-31,18957.008196721315,526822.7185315324,,,368175.10453270224,139690.6058021089,United Kingdom,monthly,
2016-02-29,18957.008196721315,533074.387356151,,,382715.41507329803,131401.96408613163,United Kingdom,monthly,
2016-03-31,18957.008196721315,454599.4438170615,,,357203.59186353005,78438.8437568101,United Kingdom,monthly,
2016-04-30,18957.008196721315,368123.5055832282,,,272936.2309569318,76230.26642957507,United Kingdom,monthly,
2016-05-31,18957.008196721315,317440.4932744313,,,207946.87848002638,90536.60659768364,United Kingdom,monthly,
2016-06-30,18957.008196721315,378494.454761398,,,240464.06380532388,119073.38275935283,United Kingdom,monthly,
2016-07-31,18957.008196721315,327604.5854764334,,,200747.16746010183,107900.40981961021,United Kingdom,monthly,
2016-08-31,18957.008196721315,306947.83733902953,,,188287.08371448432,99703.74542782387,United Kingdom,monthly,
2016-09-30,18957.008196721315,323635.4880858957,,,223019.926571785,81658.5533173894,United Kingdom,monthly,
2016-10-31,18957.008196721315,402304.98911702493,,,296884.7960523273,86463.18486797626,United Kingdom,monthly,
2016-11-30,18957.008196721315,501368.58731666213,,,361235.1460308621,121176.43308907871,United Kingdom,monthly,
2016-12-31,18957.008196721315,491978.40645274735,,,341340.5373138352,131680.86094219086,United Kingdom,monthly,
2017-01-31,20140.306849315068,591607.0450283138,,,423681.6428357899,147785.09534320878,United Kingdom,monthly,
2017-02-28,20140.306849315068,461255.56005739677,,,340431.25004978996,100684.00315829177,United Kingdom,monthly,
2017-03-31,20140.306849315068,370406.6355066209,,,249986.06650653496,100280.26215077088,United Kingdom,monthly,
2017-04-30,20140.306849315068,319117.77547559293,,,196945.1259462513,102032.34268002659,United Kingdom,monthly,
2017-05-31,20140.306849315068,310668.18228273187,,,187342.7105976447,103185.1648357721,United Kingdom,monthly,
2017-06-30,20140.306849315068,290172.12450694985,,,168744.35083958128,101287.46681805352,United Kingdom,monthly,
2017-07-31,20140.306849315068,285848.8899834032,,,170690.21711129902,95018.36602278912,United Kingdom,monthly,
2017-08-31,20140.306849315068,308416.1375708673,,,162078.52688453984,126197.30383701238,United Kingdom,monthly,
2017-09-30,20140.306849315068,359618.22851899173,,,205356.77020703658,134121.15146264006,United Kingdom,monthly,
2022-10-31,28788.80126271569,320436.38155241933,388770.5031123058,709206.8790322581,176371.13545866936,115276.44376443645,United Kingdom,monthly,
2018-03-31,11426.175342465753,442952.42218881677,,,340321.6117585328,91204.63508781821,United Kingdom,monthly,
2018-04-30,11426.175342465753,339702.04786233674,,,202830.54465935865,125445.32786051236,United Kingdom,monthly,
2018-05-31,11426.175342465753,283813.6446858237,,,169465.9495459123,102921.51979744567,United Kingdom,monthly,
2018-06-30,11426.175342465753,272249.17339044873,,,171467.16792665175,89355.83012133122,United Kingdom,monthly,
2018-07-31,11426.175342465753,320333.6665795493,,,181967.30637308463,126940.18486399893,United Kingdom,monthly,
2017-10-31,20140.306849315068,353969.09580506646,,,212824.53761334365,121004.25134240776,United Kingdom,monthly,
2017-11-30,20140.306849315068,507678.8268699398,,,340083.90228636476,147454.61773425995,United Kingdom,monthly,
2019-09-30,11282.622349241397,286983.6781788442,,,161960.55099198382,113740.50483761898,United Kingdom,monthly,
2019-10-31,11460.025718955962,321042.6465348422,,,206953.80322631073,102628.8175895755,United Kingdom,monthly,
2019-11-30,9068.62405911187,368922.0147726497,,,269558.7183989382,90294.67231459965,United Kingdom,monthly,
2019-12-31,8700.989103949087,348601.14425476815,,,218646.39668583864,121253.7584649804,United Kingdom,monthly,
2020-01-31,9278.464101752554,332990.27231606265,,,232968.4407567325,90743.36745757757,United Kingdom,monthly,
2020-02-29,10284.205407013302,282761.17443986324,198279.84242645407,481041.0168663173,187920.45694972246,84556.5120831275,United Kingdom,monthly,
2020-03-31,6636.039950242962,276121.1964400741,195855.70835254024,471976.9047926144,190367.3333418447,79117.82314798643,United Kingdom,monthly,
2020-04-30,565.9738076677776,200743.65379716794,195499.8640382133,396243.5178353812,130159.44931599645,70018.2306735037,United Kingdom,monthly,
2020-05-31,323.91614040431216,168307.41568281566,212888.88967330963,381196.3053561253,109176.05717338399,58807.44236902734,United Kingdom,monthly,
2020-06-30,468.4085068455828,263417.2435332404,262390.25011178374,525807.4936450241,148987.63020396282,113961.20482243199,United Kingdom,monthly,
2023-05-31,25940.224909322125,220177.45128302084,210434.69670264664,430612.14798566746,81967.5580891068,112269.66828459191,Spain,monthly,EU
2023-05-31,2584.188747093832,236308.14542206365,245360.88939393233,481669.03481599595,139986.40557068546,93737.55110428437,Italy,monthly,EU
2023-05-31,28931.814138926053,727389.6212390378,439560.1420341626,1166949.7632732005,396091.81620672636,302365.99089338555,Germany,monthly,EU
2023-05-31,29373.79730943815,275813.0390317099,276376.7314084623,552189.7704401722,148139.36049457415,98299.8812276976,United Kingdom,monthly,
2022-12-31,8170.348484764671,301232.8307076723,450054.57467347325,751287.4053811455,196938.23960850324,96124.24261440436,France,monthly,EU
2022-12-31,1897.2366553799393,392286.36144213344,326460.4198349919,718746.7812771252,270710.2400355094,119678.88475124406,Italy,monthly,EU
2022-12-31,18730.249814640963,1156803.7587572087,481993.3033484985,1638797.0621057071,867004.8455118283,271068.6634307393,Germany,monthly,EU
2022-12-31,13414.79496213084,256074.2199978167,277919.3367913665,533993.5567891833,109223.3529813885,133436.07205429737,Spain,monthly,EU
2023-01-31,7190.129488558342,246780.5533549882,453017.0971645027,699797.6505194909,146310.02290553236,93280.4009608975,France,monthly,EU
2023-01-31,17767.458383430192,973755.9235273602,480384.26764677896,1454140.1911741393,741399.1109007814,214589.35424314873,Germany,monthly,EU
2023-01-31,1872.6141570416853,360800.4452843424,322875.3532773938,683675.7985617362,247431.8838611795,111495.9472661212,Italy,monthly,EU
2023-01-31,11448.315209608178,198966.28507418238,275715.94270035886,474682.22777454124,69418.10614377572,118099.86372079847,Spain,monthly,EU
2023-02-28,16049.570490248148,286656.33356203,263694.44514418795,550350.7787062179,119535.11603070846,151071.64704107336,Spain,monthly,EU
2023-02-28,2542.054251656085,430207.39073131373,320093.46776354767,750300.8584948614,251720.3707281638,175944.96575149382,Italy,monthly,EU
2023-02-28,8983.58371407253,256352.56776182092,420417.06549810374,676769.6332599246,183878.622978967,63490.36106878135,France,monthly,EU
2023-02-28,23256.549152314547,1033469.266894489,498772.0722917325,1532241.3391862216,826514.9632799566,183697.75446221797,Germany,monthly,EU
2021-05-31,1683.5827851040037,302106.30999657203,237822.393829928,539928.7038265001,141763.94206421232,158658.7851472557,Italy,monthly,EU
2021-06-30,2128.683875712479,367786.82166650455,272710.6636772425,640497.4853437471,198840.546994869,166817.59079592305,Italy,monthly,EU
2021-07-31,2937.9042170600087,401825.8455432542,306639.9679432317,708465.813486486,229507.8797247492,169380.06160144505,Italy,monthly,EU
2021-08-31,3765.324757161307,347224.31938339095,343000.1333157963,690224.4526991872,192510.0883448757,150948.90628135393,Italy,monthly,EU
2021-09-30,3402.6611017477717,397702.3766348967,303701.60083221656,701403.9774671132,245709.1385381018,148590.5769950471,Italy,monthly,EU
2018-01-31,11535.624657534247,232466.80970274593,,,110285.12620028653,110646.05884492518,France,monthly,EU
2018-02-28,11535.624657534247,356990.31112688786,,,222481.51242988167,122973.17403947194,France,monthly,EU
2018-03-31,11535.624657534247,304297.2269977546,,,166191.5736336054,126570.02870661496,France,monthly,EU
2018-04-30,11535.624657534247,197634.21333956748,,,49973.79131712266,136124.79736491057,France,monthly,EU
2018-05-31,11535.624657534247,156678.58291560822,,,37256.662469843584,107886.2957882304,France,monthly,EU
2018-06-30,11535.624657534247,199894.34046753176,,,48770.47741198865,139588.23839800886,France,monthly,EU
2018-07-31,11535.624657534247,262334.85961415607,,,98442.08698025174,152357.1479763701,France,monthly,EU
2018-08-31,11535.624657534247,231662.8680130929,,,90659.03855384796,129468.2048017107,France,monthly,EU
2018-09-30,11535.624657534247,246814.75258943075,,,77416.28735467902,157862.8405772175,France,monthly,EU
2018-10-31,11535.624657534247,306210.9897600798,,,131936.8709234329,162738.49417911266,France,monthly,EU
2018-11-30,11535.624657534247,347418.39095372,,,174466.08972437357,161416.6765718122,France,monthly,EU
2018-12-31,11535.624657534247,298372.0972915349,,,129098.14942643927,157738.32320756136,France,monthly,EU
2019-01-31,8463.284689437454,320107.3465169365,,,204957.520222376,106686.54160512298,France,monthly,EU
2019-02-28,9012.318973414502,322575.87800083763,,,172281.66699151072,141281.8920359124,France,monthly,EU
2016-09-30,5419.668493150685,452786.6506122127,,,298227.4962298056,149139.48588925647,Italy,monthly,EU
2016-10-31,5419.668493150685,425103.2280195781,,,255577.43897498059,164106.1205514468,Italy,monthly,EU
2016-11-30,5419.668493150685,470189.8799787359,,,287077.32583426015,177692.88565132508,Italy,monthly,EU
2016-12-31,5419.668493150685,439748.02553069784,,,299463.33885072445,134865.01818682274,Italy,monthly,EU
2017-01-31,5221.334246575342,428077.1930489459,,,280080.298936224,142775.55986614653,Italy,monthly,EU
2017-02-28,5221.334246575342,420777.3684644853,,,223056.7339593496,192499.30025856028,Italy,monthly,EU
2017-03-31,5221.334246575342,380832.8536515389,,,171080.77507381683,204530.7443311467,Italy,monthly,EU
2017-04-30,5221.334246575342,360722.08101740736,,,173460.7981482288,182039.94862260317,Italy,monthly,EU
2017-05-31,5221.334246575342,322139.97777067125,,,171507.60377545774,145411.0397486381,Italy,monthly,EU
2017-06-30,5221.334246575342,421067.44091806066,,,234038.90718482767,181807.19948665763,Italy,monthly,EU
2023-04-30,2221.2269370588056,295981.0509720748,270968.2836137757,566949.3345858504,149805.90153206952,143953.92250294643,Italy,monthly,EU
2023-04-30,8894.296977974816,167990.3704319576,437439.29999382806,605429.6704257857,60567.073792953895,98528.99966102887,France,monthly,EU
2023-04-30,23370.65909659409,905084.6534152885,482023.22200998204,1387107.8754252705,540533.5110867108,341180.48323198356,Germany,monthly,EU
2023-04-30,20163.324941347804,218188.4628995357,245130.06213854035,463318.5250380761,76667.20254628593,121357.93541190196,Spain,monthly,EU
2023-04-30,24211.12023313776,299277.8434476029,291381.614734812,590659.4581824148,165323.48696874935,109743.23624571573,United Kingdom,monthly,
2020-08-31,16726.817116079324,873329.137016222,493056.49344708613,1366385.6304633082,559341.8989062367,297260.42099390604,Germany,monthly,EU
2020-09-30,19375.303741606494,995151.2230581889,524729.130337958,1519880.353396147,658936.0141661376,316839.9051504449,Germany,monthly,EU
2020-10-31,17038.57886047134,1023284.355884714,520124.7430136673,1543409.0988983815,661385.8117186878,344859.9653055549,Germany,monthly,EU
2020-11-30,13488.720536264316,1150151.361175284,497381.0276831259,1647532.38885841,801229.6589512976,335432.9816877221,Germany,monthly,EU
2020-12-31,11531.354272264438,1061143.1856398736,459796.5184166749,1520939.7040565484,736730.451125965,312881.3802416441,Germany,monthly,EU
2021-01-31,9344.662736823355,1130248.5741508426,467392.71131457936,1597641.285465422,816737.5114814474,304166.3999325719,Germany,monthly,EU
2021-02-28,8724.066504730228,964752.1604483683,511924.4655380007,1476676.6259863689,674156.1952871315,281871.8986565065,Germany,monthly,EU
2021-03-31,9326.81133319869,931770.516933404,520464.8324102641,1452235.3493436682,635073.399891592,287370.3057086133,Germany,monthly,EU
2021-04-30,9374.943801156869,903779.4263706495,579325.0790913566,1483104.5054620062,603030.8915313449,291373.59103814786,Germany,monthly,EU
2021-05-31,10056.478712949645,755488.92642005,601115.9252660493,1356604.8516860993,436624.6483746083,308807.79933249205,Germany,monthly,EU
2021-06-30,13304.954161069527,943712.0346312543,625923.8983033033,1569635.9329345576,616236.007913694,314171.07255649084,Germany,monthly,EU
2021-07-31,18777.743251230804,916783.9687601931,638589.0126861862,1555372.9814463793,575723.4362044544,322282.7893045079,Germany,monthly,EU
2021-08-31,22638.26153694114,863694.651947354,589576.9541720046,1453271.6061193584,526842.4559365988,314213.9344738139,Germany,monthly,EU
2021-09-30,24592.51906677148,1069896.2475598862,524298.6415142377,1594194.889074124,757484.8187590684,287818.9097340464,Germany,monthly,EU
2021-10-31,24450.357642585597,1013264.3374648,517813.6172566187,1531077.9547214187,689780.0685134613,299033.9113087531,Germany,monthly,EU
2021-11-30,20088.96248849728,1210805.7838644444,584403.2215718786,1795209.0054363231,863410.7986998598,327306.02267608716,Germany,monthly,EU
2021-12-31,17815.768460073643,1150407.2757008818,613131.4880198432,1763538.7637207252,815907.8502691868,316683.6569716212,Germany,monthly,EU
2022-01-31,15142.708996057048,1131361.3919953462,563616.8327499687,1694978.224745315,804091.5943393402,312127.0886599488,Germany,monthly,EU
2022-02-28,14521.496659025424,835934.7820940693,492266.9252688501,1328201.7073629193,650351.1292814923,171062.15615355154,Germany,monthly,EU
2022-03-31,16876.843753360605,1157029.6044125792,548060.8067592767,1705090.4111718559,850421.0625191325,289731.69814008597,Germany,monthly,EU
2022-04-30,21666.06392015352,991750.8429874298,480823.96406696003,1472574.8070543897,656994.101867672,313090.67719960416,Germany,monthly,EU
2022-05-31,26723.5490760115,878253.8483257332,536568.3824606887,1414822.2307864218,599906.8652761183,251623.43397360345,Germany,monthly,EU
2022-06-30,29634.201683658768,973859.8617320011,537701.8453907515,1511561.7071227524,671950.385207634,272275.27484070836,Germany,monthly,EU
2022-07-31,29464.32139763396,1007757.0122538549,539198.7394248924,1546955.7516787471,672950.9889763963,305341.7018798247,Germany,monthly,EU
2022-08-31,30756.04241187587,1071081.4634170502,539626.7181689448,1610708.181585995,740010.9079708059,300314.5130343684,Germany,monthly,EU
2022-10-31,10578.485886025688,237746.19628044043,450439.33589135273,688185.5321717932,115074.15804114795,112093.55235326679,France,monthly,EU
2022-10-31,2437.635145325015,404466.65574601025,356233.4406892112,760700.0964352214,240760.5585033159,161268.4620973693,Italy,monthly,EU
2022-10-31,25122.77314405386,309740.6334703541,296617.37417155644,606358.0076419106,141287.78957399438,143330.07075230582,Spain,monthly,EU
2022-10-31,28578.130213074706,943108.1044987207,543857.1098764775,1486965.2143751984,644593.5834926091,269936.39079303696,Germany,monthly,EU
2022-11-30,1984.4815400505877,378342.5849684908,345606.02132021723,723948.606288708,235029.617580007,141328.48584843325,Italy,monthly,EU
2022-11-30,23063.23417307784,1106743.337874902,511508.39545966935,1618251.7333345714,793241.9213061873,290438.18239563686,Germany,monthly,EU
2022-11-30,14153.880928822653,281195.8639071465,294222.43864387204,575418.3025510185,109323.39549780425,157718.58748051958,Spain,monthly,EU
2022-11-30,9104.250915245697,275643.0468204216,429233.36702595896,704876.4138463805,153688.98673150595,112849.80917366993,France,monthly,EU
2023-06-30,3037.663206520264,288297.3351854175,235549.80208554404,523847.1372709615,158000.77933234457,127258.89264655263,Italy,monthly,EU
2023-06-30,33666.333501633446,779912.7075527249,428165.99035966874,1208078.6979123936,436246.7715979774,309999.60245311394,Germany,monthly,EU
2023-06-30,31446.608706150415,281601.9486755015,205550.1048993712,487152.0535748728,109654.21544728786,140501.12452206327,Spain,monthly,EU
2023-06-30,34821.522073883876,294218.33771548193,261416.71246392818,555635.0501794101,162679.98136617412,96716.83427542394,United Kingdom,monthly,
2023-07-31,35960.91084898216,288263.6693836674,,,107733.67218718215,144569.0863475031,Spain,monthly,EU
2023-07-31,3550.549936184765,376218.41653495224,,,216849.3807961527,155818.4858026148,Italy,monthly,EU
2023-07-31,36943.73194352177,706490.4807847573,,,371702.8235980589,297843.9252431765,Germany,monthly,EU
2023-07-31,39518.819146757756,246375.95620353761,,,134861.7591041092,71995.37795267065,United Kingdom,monthly,
2023-06-30,11512.253801632982,174579.15411083066,423408.9553294039,591402.3211559927,58936.102282949025,104130.79802624861,France,monthly,EU
2023-05-31,10195.280374557742,177228.03251089432,437316.5864389541,614544.6189498485,41942.569275141,125090.18286119557,France,monthly,EU
2023-07-31,12921.972996551578,194905.92209688007,,,59711.20998776571,122272.73911256276,France,monthly,EU
2023-08-31,12053.616133247458,198603.70104476693,,,55809.50233040807,130740.5825811114,France,monthly,EU
2023-08-31,36656.90592795538,287345.1120643119,,,111313.610917641,139374.59521871555,Spain,monthly,EU
2023-08-31,35458.582847034864,782473.33362162,,,446093.1754234879,300921.5753510971,Germany,monthly,EU
2023-08-31,3235.620957704918,257323.76894770897,,,170292.53327712102,83795.61471288303,Italy,monthly,EU
2023-08-31,37827.30233770832,267209.97165552137,,,157720.7473244263,71661.92199338676,United Kingdom,monthly,
2023-09-30,3170.1110537756185,325038.0798883572,,,198572.4580317485,123295.51080283307,Italy,monthly,EU
2023-09-30,34527.22508009628,847366.2820194329,,,513435.9470205161,299403.1099188205,Germany,monthly,EU
2023-09-30,11082.739278826688,188247.58182454755,,,45808.2089441129,131356.63360160796,France,monthly,EU
2023-09-30,35370.34736122322,283912.24996427406,,,114665.02982327729,133876.8727797735,Spain,monthly,EU
2023-09-30,36795.39107275278,261036.7824456745,,,167033.33966361097,57208.05170931074,United Kingdom,monthly,
2023-10-31,10388.327811751613,184442.47181221913,,,43586.23642307915,130467.90757738835,France,monthly,EU
2023-10-31,33006.21543533016,867191.1833423415,,,542994.881067149,291190.0868398622,Germany,monthly,EU
2023-10-31,30291.977226369865,259895.24598395804,,,95145.4153962955,134457.85336129268,Spain,monthly,EU
2023-10-31,2857.2621091541687,351916.4425521019,,,169749.4726383034,179309.7078046443,Italy,monthly,EU
2023-10-31,33281.84804532048,226418.15388052433,,,147006.32784588946,46129.97798931436,United Kingdom,monthly,
2016-01-31,160960.8081967213,5305629.453779815,,,3626658.1103281053,1518010.5352549874,Europe,monthly,
2016-02-29,160960.8081967213,4882023.502360512,,,3218615.0804017372,1502447.6137620523,Europe,monthly,
2016-03-31,160960.8081967213,4800099.95023859,,,3161103.268927187,1478035.8731146813,Europe,monthly,
2016-04-30,160960.8081967213,4485491.415169204,,,2780326.844738145,1544203.7622343372,Europe,monthly,
2016-05-31,160960.8081967213,4205845.379696278,,,2480576.739998002,1564307.8315015545,Europe,monthly,
2016-06-30,160960.8081967213,4422739.115873652,,,2755126.642585633,1506651.6650912974,Europe,monthly,
2016-07-31,160960.8081967213,4608884.376660957,,,2856048.5667014355,1591875.0017628008,Europe,monthly,
2016-08-31,160960.8081967213,4611308.197971588,,,2785416.719468965,1664930.6703059014,Europe,monthly,
2016-09-30,160960.8081967213,4991317.411618708,,,3214565.15717324,1615791.446248746,Europe,monthly,
2016-10-31,160960.8081967213,5308729.30317146,,,3469957.7528990284,1677810.7420757094,Europe,monthly,
2016-11-30,160960.8081967213,5607348.858478474,,,3764817.8839062117,1681570.1663755411,Europe,monthly,
2016-12-31,160960.8081967213,5537670.444114353,,,3736917.275610058,1639792.3603075736,Europe,monthly,
2017-01-31,169029.85205479452,5909138.329204975,,,4104984.7890429045,1635123.6881072752,Europe,monthly,
2017-02-28,169029.85205479452,5322632.357451389,,,3610646.4508803277,1542956.0545162663,Europe,monthly,
2017-03-31,169029.85205479452,4746696.783803403,,,2994304.553237629,1583362.37851098,Europe,monthly,
2017-04-30,169029.85205479452,4511712.966630265,,,2725525.571079485,1617157.5434959852,Europe,monthly,
2017-05-31,169029.85205479452,4422946.510687831,,,2712035.374759343,1541881.2838736933,Europe,monthly,
2017-06-30,169029.85205479452,4480968.625377827,,,2707723.9453066806,1604214.8280163517,Europe,monthly,
2017-07-31,169029.85205479452,4745200.025664212,,,2939746.435798117,1636423.737811301,Europe,monthly,
2017-08-31,169029.85205479452,4686485.068636302,,,2795921.0118705565,1721534.2047109501,Europe,monthly,
2017-09-30,169029.85205479452,4779557.157479769,,,2966300.3342690277,1644226.971155946,Europe,monthly,
2017-10-31,169029.85205479452,4943461.263437389,,,3074816.1240500016,1699615.2873325937,Europe,monthly,
2017-11-30,169029.85205479452,5643199.342069036,,,3690930.894873224,1783238.5951410173,Europe,monthly,
2017-12-31,169029.85205479452,5223621.131685521,,,3323371.1845637476,1731220.0950669798,Europe,monthly,
2018-01-31,177394.35616438356,4680954.103117847,,,3159865.269286746,1343694.477666717,Europe,monthly,
2018-02-28,177394.35616438356,5389649.5555208605,,,3768635.859228908,1443619.340127569,Europe,monthly,
2018-03-31,177394.35616438356,5054195.933633935,,,3299912.405084396,1576889.1723851555,Europe,monthly,
2018-04-30,177394.35616438356,4220583.568952406,,,2392554.041354987,1650635.171433036,Europe,monthly,
2018-05-31,177394.35616438356,4108310.282146812,,,2357339.467080599,1573576.4589018293,Europe,monthly,
2018-06-30,177394.35616438356,4321782.838945057,,,2576910.2886048597,1567478.1941758143,Europe,monthly,
2018-07-31,177394.35616438356,4830830.350571403,,,2958338.7402222753,1695097.2541847443,Europe,monthly,
2018-08-31,177394.35616438356,4727602.1501265075,,,2858803.0489478465,1691404.7450142778,Europe,monthly,
2018-09-30,177394.35616438356,4774725.6945237825,,,2957293.2592847417,1640038.0790746573,Europe,monthly,
2018-10-31,177394.35616438356,5046066.336376029,,,3109740.395338971,1758931.5848726737,Europe,monthly,
2018-11-30,177394.35616438356,5399977.085634331,,,3435376.575704057,1787206.1537658903,Europe,monthly,
2018-12-31,177394.35616438356,5015703.392572901,,,3128775.1294306815,1709533.906977836,Europe,monthly,
2019-01-31,123158.57438583617,5045094.991436303,,,3529867.2859920603,1392069.1310584054,Europe,monthly,
2019-02-28,130024.88148101224,4767587.982335917,,,3119481.74750021,1518081.3533546946,Europe,monthly,
2019-03-31,139544.29939109675,4123577.0119693736,,,2436943.737498761,1547088.9750795157,Europe,monthly,
2019-04-30,161225.83168047052,4223526.219788271,,,2378293.3325689267,1684007.0555388732,Europe,monthly,
2019-05-31,168446.59664870592,4033871.70213929,,,2213209.296037612,1652215.8094529721,Europe,monthly,
2019-06-30,223871.90396120926,4036807.6858702907,,,2172554.0048400573,1640381.777069024,Europe,monthly,
2019-07-31,247157.2553756191,4245122.02901454,,,2451807.6795423953,1546157.0940965256,Europe,monthly,
2019-08-31,250660.07904550497,4138352.554933871,,,2291481.2781088357,1596211.1977795302,Europe,monthly,
2019-09-30,241421.03097437142,4227495.779152915,,,2351310.515520752,1634764.2326577916,Europe,monthly,
2019-10-31,221830.54262441723,4431014.288426666,,,2630187.431382902,1578996.3144193466,Europe,monthly,
2019-11-30,168562.26546424406,4698993.133697155,,,2981166.7164321784,1549264.1518007324,Europe,monthly,
2019-12-31,161368.96806062508,4221395.922770108,,,2504410.516893452,1555616.4378160313,Europe,monthly,
2020-01-31,151709.0027545136,4316668.968847077,,,2748784.2078944156,1416175.7581981483,Europe,monthly,
2020-02-29,162301.73301685703,3848009.9887613254,2141859.040567125,5989869.029328451,2265343.668737709,1420364.587006759,Europe,monthly,
2020-03-31,108693.85143248005,3687891.206189156,2131870.759002893,5819761.965192049,2109826.8116343524,1469370.5431223232,Europe,monthly,
2020-04-30,20929.271498629467,2923555.286623593,2148192.7691950244,5071748.055818617,1578002.3954048005,1324623.6197201628,Europe,monthly,
2020-05-31,14034.036262967982,2821627.836107871,2364146.7444892176,5185774.580597089,1556615.509332658,1250978.2905122451,Europe,monthly,
2020-06-30,20799.045458757188,3370145.761175124,2756554.4988022787,6126700.259977403,1885646.7596365118,1463699.9560798549,Europe,monthly,
2020-07-31,56406.79430168835,3564846.1130209486,2844361.2954351474,6409207.408456096,2117084.6123242043,1391354.7063950563,Europe,monthly,
2020-08-31,99931.68878607638,3729105.9307654304,2808693.323126009,6537799.25389144,2245615.9201787477,1383558.3218006066,Europe,monthly,
2020-09-30,95574.20877916965,4033464.614153238,2949418.06212605,6982882.676279288,2424205.702727817,1513684.702646251,Europe,monthly,
2020-10-31,70501.12936094432,3901463.563997717,2848897.7942054393,6750361.358203157,2255953.461196704,1575008.9734400692,Europe,monthly,
2020-11-30,40077.918273005,4355400.338266395,2595386.155132622,6950786.493399017,2675161.0165243335,1640161.4034690568,Europe,monthly,
2020-12-31,35997.209052961305,4152833.86258115,2571375.0629990725,6724208.925580222,2657843.1785860383,1458993.4749421503,Europe,monthly,
2021-01-31,26972.488070573505,4017598.5572620714,2219460.0467495583,6237058.604011629,2678966.1580256275,1311659.91116587,Europe,monthly,
2021-02-28,22338.125235192863,3660066.890141949,2308650.7913252013,5968717.68146715,2331331.3791716453,1306397.3857351113,Europe,monthly,
2021-03-31,23344.22392907337,3639005.4117532205,2337888.700719035,5976894.112472256,2203809.906137406,1411851.281686741,Europe,monthly,
2021-04-30,26853.51283112129,3523375.894711818,2599740.2916827025,6123116.18639452,2086465.2826696527,1410057.099211044,Europe,monthly,
2021-05-31,32350.286501380084,3061155.637844922,2895161.6772454223,5956317.315090344,1574716.822022861,1454088.5293206805,Europe,monthly,
2021-06-30,53938.350311263974,3414011.4956533373,3185743.2312989803,6599754.726952318,1937060.9701497874,1423012.175192286,Europe,monthly,
2021-07-31,95844.6220218071,3544122.2185100354,3536102.58967431,7080224.808184345,2043544.7633790385,1404732.8331091895,Europe,monthly,
2021-08-31,127202.78546455209,3408035.1086975625,3691688.953587144,7099724.062284706,1885886.960421192,1394945.362811818,Europe,monthly,
2021-09-30,129678.34105984436,3878119.162082752,3211086.017559837,7089205.179642589,2368215.2074932125,1380225.6135296952,Europe,monthly,
2021-10-31,122621.54178086747,3911364.519559284,3103683.9615772963,7015048.481136581,2290324.7415990867,1498418.23617933,Europe,monthly,
2021-11-30,87718.27021085747,4483945.298741825,3164651.582647403,7648596.881389229,2837838.5091008497,1558388.5194301181,Europe,monthly,
2021-12-31,84690.48792661459,4372787.9409546275,3002372.3896320923,7375160.33058672,2806612.549414953,1481484.9036130593,Europe,monthly,
2022-01-31,68545.1013450357,4238030.642677658,2772289.0714440914,7010319.71412175,2738889.4111830587,1430596.1301495635,Europe,monthly,
2022-02-28,68155.59606243597,3658138.629375018,2696280.3257073034,6354418.955082322,2378065.6187996436,1211917.4145129386,Europe,monthly,
2022-03-31,83510.39793053358,4182713.2742526433,3045635.4563743016,7228348.730626944,2707803.704688885,1391399.171633225,Europe,monthly,
2022-04-30,115751.60225279465,3538776.362211864,2839372.617961522,6378148.980173386,2045981.2849104793,1377043.47504859,Europe,monthly,
2022-05-31,149168.41357492996,3344884.2557041887,3143213.720563907,6488097.976268096,1895638.3699314059,1300077.4721978528,Europe,monthly,
2022-06-30,174910.03853814187,3631498.8274440207,3148404.626243838,6779903.45368786,2167743.35808605,1288845.430819829,Europe,monthly,
2022-07-31,186625.01186624204,3867410.016700623,3072509.042035696,6939919.05873632,2272149.5001643766,1408635.5046700044,Europe,monthly,
2022-08-31,190720.26754611812,3855774.9614512427,3081192.6402211525,6936967.601672395,2340380.6121278983,1324674.0817772264,Europe,monthly,
2022-09-30,185841.0699180736,3815594.322286151,3287197.270954914,7102791.593241065,2356033.519959104,1273719.7324089734,Europe,monthly,
2022-10-31,165704.59810951317,3634901.572250029,3262064.1099009253,6896965.682150954,2159481.1170807336,1309715.8570597824,Europe,monthly,
2022-11-30,117321.02999366219,3909965.9014294054,3143818.0518350424,7053783.953264449,2467267.6159312855,1325377.2555044577,Europe,monthly,
2022-12-31,102905.10440308001,4029113.6513789278,3074682.6849395023,7103796.33631843,2737164.5639125104,1189043.983063337,Europe,monthly,
2023-01-31,95922.04175391424,3447575.0469746124,3035720.331904508,6483295.378879121,2296785.443828074,1054867.5613926244,Europe,monthly,
2023-02-28,122824.41493165931,3786270.64415868,2871625.375130931,6657896.019289611,2547516.9966341783,1115929.2325928425,Europe,monthly,
2023-03-31,125414.6297965562,3475409.3722540527,3090804.001670109,6566213.373924162,2021752.3077104734,1328242.434747023,Europe,monthly,
2023-04-30,138878.29772429116,3121688.169561592,2741970.17551673,5863658.345078322,1622421.2420095587,1360388.6298277418,Europe,monthly,
2023-05-31,165292.8979407481,2795118.2169200275,2552828.5197407645,5347946.7366607925,1352359.2006149027,1277466.118364377,Europe,monthly,
2023-06-30,196172.05219362662,2951313.673430299,2460202.6448706486,5399613.32217391,1456863.7183739191,1298277.902862753,Europe,monthly,
2023-07-31,227155.81745737873,3052863.585504718,,,1503852.2585143151,1321855.509533024,Europe,monthly,
2023-08-31,213731.52905122214,3141330.6710624364,,,1600270.013622865,1327329.1283883492,Europe,monthly,
2023-09-30,200534.56402956188,3287713.7975161695,,,1739155.1943851549,1348024.0391014526,Europe,monthly,
2023-10-31,179721.06936606023,3253575.3361529885,,,1743749.4290884018,1330104.8376985264,Europe,monthly,
